{"cameraMode":{"drawMode":0,"name":"Shaded","section":"Shading Mode"},"sceneLighting":false,"audioPlay":false,"sceneViewState":{"showFog":true,"showMaterialUpdate":false,"showSkybox":true,"showFlares":true,"showImageEffects":true,"showParticleSystems":true},"in2DMode":false,"pivot":{"x":5.249133110046387,"y":-0.012602746486663819,"z":9.0},"rotation":{"x":0.39736583828926089,"y":0.08241162449121475,"z":-0.035871341824531558,"w":0.9132710695266724},"size":4.084460735321045,"orthographic":false}